TERMINOLOGY	PRIORITY	ARABIC	ARABIC TRANSLITERATION	PERSIAN	PERSIAN TRANSLITERATION	DEFINITION	SOURCE	TRANSLATION SOURCE (AR)	TRANSLATION SOURCE (FA)	DEFINITION SOURCE
abbreviation	2	اِخْتِزَالْ	ikhtizāl							
alignment	1	مُحَاذَاةْ، تَرصِيف	muḥādhāt, tarṣīf	هم‌ترازی	hmtrāzi		[CLREQ]			
alphabet length	3						[SOLTANI]			
alphanumeric	1	أَبجَدِي عَدَدِي	abjadī ʻadadī	الفبایی عددی	ālfbāiy addi		[SOLTANI]			
annotation text	3						[CLREQ]			
anthology	4						[SOLTANI]			
anti-aliasing	3						[LUPTON]			
alternate characters	3						[FELICI]			
alternate font	4						[FELICI]			
appendix	1	مُلحَق	mulḥaq	ضمیمه	zmimh		[SOLTANI]			
ASCII	3						[SOLTANI]			
arabic numerals	1	أَرْقَامْ عَرَبِيَّة، أَرْقَامْ أُورُوبِيَّة	arqām ʻarabīyah, arqām ūrūbīyah	ارقام عربی	ārqām arbi	Refer to "European numerals". Use "European numerals" or "ASCII numerals" to avoid confusion.	[SOLTANI]			
ascender	2	جُزْءُ الحَرْفِ العُلْوِي، الصَّاعِدْ	juz’u al-ḥarfi al-ʻulwī, al-ṣṣāʻid	خط صعود، کرسی بالا	xt s’ud, krsi bālā		[SOLTANI]		[NIKOOMARAM], [MESGHALI]	
asterisk	2	نَجْمَة	najmah	ستاره	stārh		[SOLTANI]			
auto spacing	2	تَبَاعُدْ ذَاتِي،  فَرَاغْ آلِي	tabāʻud dhātī, farāgh ālī	فاصله‌گذاری خودکار	fāslhɡzāri xudkār		[LUPTON]			
auto leading	3						[LUPTON]			
back margin	2	الهَامِشْ الخَلْفِي 	al-hāmish al-khalfī	حاشیهٔ داخلی	hāšihٔ dāxli		[SOLTANI]			
back matter	2	بَيَانَاتْ نِهَايَةْ الكِتَابْ 	bayānāt nihāyat al-kitāb	واحدهای پس از متن	uāhdhāy ps aoez mtn	Appendices, supplements, glossary of terms, index and/or bibliography, and so on, appended at the end of a book.	[JLREQ]			[JLREQ]
bad break	2	قَطْعْ سَيِّئْ	qaṭʻ sayyi’	شکستن بد، سطرشکنی بد	škstn bd, strškni bd		[SOLTANI]			
baseline	1	خَطْ قَاعِدِي، خَطْ الاِرْتِكَازْ، سَطْرُ الأَسَاسْ	khaṭ qāʻidī, khaṭ al-irtikāz, satru al-’asās	خط کرسی	xt krsi	A virtual line on which almost all glyphs in Western fonts are designed to be aligned. 	[JLREQ]			[JIS-Z-8125]
bibliography	2	المَرَاجِعْ	al-marājiʻ	کتابنامه	ktābnāmh	A list of works and papers related to the subjects in the text. 	[JLREQ]			[JIS-Z-8125]
base text	3						[CLREQ]			
baseline grid	3						[LUPTON]			
baseline shift	3						[LUPTON]			
bastard title	3						[SOLTANI]			
blank page	1	صَفْحَة فَارِغَة	ṣafḥah fārighah	صفحهٔ خالی	sfhhٔ xāli	An empty page.	[JLREQ]			[JLREQ]
bleed	1	خَارِجْ إِطَارْ الصَّفْحَة	khārij iṭār al-ṣafḥah	تصویرْ تا بُرِش	tsuyrْ tā boreš	To print a picture or a tint to run off the edge of a trimmed page. 	[JLREQ]			[JIS-Z-8125]
bitmap typeface	4						[LUPTON]			
block direction	1	اِتِّجَاهْ المَقْطَعْ، اِتِّجَاهْ الكُتْلَة	ittijāh al-maqṭaʻ, ittijāh al-kutlah	جهت نوشتار	jht nuštār	The progression direction of lines, one after the other. 	[JLREQ]			[JIS-Z-8125]
bicameral	3						Bringhurst			
blind folio	3						[SOLTANI]			
block quotation	1	كُتْلَة اِقْتِبَاسْ، مُرَبَّعْ اِقْتِبَاسْ	kutlat iqtibās, murabbaʻ iqtibās	نقل‌قول پاراگرافی	nqlqul pārāɡrāfi		[SOLTANI]			
block heading	3					A kind of heading styles. The heading is set as an independent line from basic text. 	[JLREQ]			
blurb	3						[SOLTANI]			
body type	1	الخَطْ  الرَّئِيسِي	al-khaṭ al-rra’īsī	حروف بدنه	hruf bdnh		[SOLTANI]			
bold	1	غَلِيظْ	ghalīẓ	حرف سیاه	hrf siāh	A kind of font style. Similar to bold in Western typograpy.	[JLREQ]			[JLREQ]
boldface	1	خَطْ غَلِيظْ	khaṭ ghalīẓ	حرف سیاه	hrf siāh		[SOLTANI]			
bound on the left-hand side	1	مُلْزِمَة عَلَى الجَانِبْ الأَيْسَرْ	mulzimah ʻalá al-jānib al-’aysar	صحافی چپ‌به‌راست	shāfi čpbhrāst	Binding of a book to be opened from the left.	[JLREQ]			[JLREQ]
bound on the right-hand side	1	مُلْزِمَة عَلَى الجَانِبْ الأَيْمَنْ	mulzimah ʻalá al-jānib al-’ayman	صحافی راست‌به‌چپ	shāfi rāstbhčp	Binding of a book to be opened from the right.	[JLREQ]			[JLREQ]
bowl	4						[LUPTON]			
bounding box	2	المُرَبَّعْ المُحِيطْ	al-murabbaʻ al-muḥīṭ	کادر محیطی	kādr mhiti		[FELICI]			
box	2	مُرَبَّعْ	murabbaʻ	کادر، جعبه	kādr, j’bh		[SOLTANI]			
braces	2	قَوْسَيْنْ	qawsayn	آکولاد	ākulād	{ and }	[FELICI]			
brackets	1	قوسين قَوْسَيْنْ مُرَبَّعَيْنْ	qawsayn murabbaʻayn	کروشه	krušh	[ and ]	[CLREQ]			
break (a line)	1	فَصْلْ السَّطْرْ، قَطْعْ (سَطْرْ)	faṣl al-saṭr, qaṭʻ (saṭr)	شکستن (خط)، سطرشکنی	škstn (xt), strškni	To place the first of two adjacent characters at the end of a line and the second at the head of a new line.	[JLREQ]		[MESGHALI], [ISIRI-6219]	[JLREQ]
broadside	2	وَرَقَة عَلَى صَفْحَة عَرِيضَة	waraqah ʻalá ṣafḥah ʻarīḍah	یک‌رو	ikru	 In book typography, a sheet of paper printed as one page.	[SOLTANI]			
bullet	2	رَمْزْ نَقْطِي	ramz naqṭī			centered dot	[SOLTANI]			
calligraphy	1	فَنُّ الخَطِّ، الخَطُّ (فَنْ الخَطْ، الخَطْ)	fannu al-khaṭṭi, al-khaṭṭu (fan al-khaṭ, al-khaṭ)	خوشنویسی	xušnuysi		[LUPTON]			
caption	1	تَسْمِيَة، عُنْوَانْ	tasmīah, ʻunwān	عنوان، شرح	’nuān, šrh	A title or a short description accompanying a picture, an illustration, or a table. 	[JLREQ]			[JIS-Z-8125]
cell	1	خَلِيَة	khalīah	سلول	slul	Each element area of tables, cell.	[JLREQ]			[JLREQ]
cell contents	1	مُحْتَوَى الخَلِيَة	muḥtawá al-khalīah	محتوای سلول	mhtuāy slul	The content of each cell in tables.	[JLREQ]			[JIS-X-4051]
cell padding	1	حَشْوْ الخَلِيَة	ḥashw al-khalīah			Spaces between line and cell in tables.	[JLREQ]			[JIS-X-4051]
centered alignment	1	تَوْسِيطْ	tawsīṭ	ترازبندی وسط‌چین	trāzbndi vstčin		[LUPTON]		[MESGHALI]	
centered dot	1	نُقْطَة  مُوَسَّطَة	nuqṭah mūassaṭah				[SOLTANI]			
centering	1	تَوْسِيطْ	tawsīṭ	وسط‌چین کردن	ustčin krdn	To align the center of a run of text that is shorter than a given line length to the center of a line. 	[JLREQ]			[JIS-Z-8125]
chapter	1	فَصْلْ، بَابْ	faṣl, bāb	فصل	fsl		[SOLTANI]			
character face	3						[CLREQ]			
character	1	حَرْفْ	ḥarf	حرف	hrf		[SOLTANI]			
character count	2	عَدَدْ الحُرُوفْ	ʻadad al-ḥurūf	تعداد حروف	t’dād hruf		[SOLTANI]			
character frame	1	إِطَارْ الحَرْفْ	iṭār al-ḥarf			Rectangular area occupied by a character when it is set solid.	[JLREQ]			[JLREQ]
characters as the base units	3						[CLREQ]			
characters not ending line	3					Any character for which "line-end prohibition rule" is invoked. 	[JLREQ]			
characters not starting line	3					Any character for which "line-start prohibition rule" is invoked. 	[JLREQ]			
checked tone	3						[CLREQ]			
chronological history	3					Chronological tabels about the histories of persons or organizations.	[JLREQ]			
chronological table	3					Chronologocal tables about histrical incidents. There are special types of chronological tables besides general ones, focused to specific view points and aspects.	[JLREQ]			
character set	1	مَجْمُوعَةْ حُرُوفْ	majmūʻat ḥurūf	مجموعهٔ حروف	mjmu’hٔ hruf		[FELICI]			
character shape	1	شَكْلُ الحَرْفْ	shaklu al-ḥarf	شکل حرف	škl hrf	Incarnation of a character by handwriting, printing or rendering to a computer screen. 	[JLREQ]			[JIS-Z-8125]
character size	1	حَجْمُ الحَرْفْ	ḥajmu al-ḥarf	اندازهٔ حرف	āndāzhٔ hrf	Dimensions of a character. Unless otherwise noted, it refers to the size of a character frame in the block direction.	[JLREQ]			[JLREQ]
closing bracket	1	قَوْسْ  إِغْلَاقْ	qaws ighlāq	کروشه بسته	kruše bsth		[CLREQ]			
column inch	4						[SOLTANI]			
code point	1	نُقْطة تَرْمِيزْ	nuqṭat tarmīz				[MAJAM]			
color	2	لَوْنْ	lawn			Char­ac­ter­is­tics like dark­ness, con­trast, texture that give the an overall impression of how dense or heavy the text appears on the page.				
colon	1	نُقْطَتَيْنْ	nuqṭatayn	دونقطه	dunqth		[CLREQ]			
color										
column	1	عَمُودْ	ʻamūd	ستون	stun	A partition on a page in multi-column format. 	[JLREQ]			[JIS-Z-8125]
column gap	1	تَبَاعُدْ الأَعْمِدَة	tabāʻud al-’aʻmidah	فاصلهٔ ستون	fāslhٔ stun	Amount of space between columns on a page. 	[JLREQ]			[JIS-Z-8125]
condensed typeface	3						[SOLTANI]			
column spanning	1	عَبْرُ الأَعْمدَة	ʻabr al-’aʻmidah			A setting style of illustrations, tables, etc., over hanging to multiple columns. 	[JLREQ]			[JIS-Z-8125]
column spanning heading	1	رَأْسْ عَبْرْ الأَعْمدَة	ra’s ʻabr al-’aʻmidah			Headings using multiple columns.	[JLREQ]			[JLREQ]
copy block	3						[SOLTANI]			
copyfitting	4						[SOLTANI]			
corner quotation mark	3						[CLREQ]			
comma	1	فَاصِلَة	fāṣilah	ویرگول	uyrɡul		[CLREQ]			
cover design	3						[SOLTANI]			
crop	3						[SOLTANI]			
cross reference	3						[SOLTANI]			
curve quotation mark	3						[CLREQ]			
composition	1	تَرْكِيبْ	tarkīb	حروفچینی و صفحه‌بندی	hrufčini v sfhhbndi	Process of arrangement of text, figures and/or pictures, etc on a page in a desired layout (design) in preparation for printing.	[JLREQ]			[JLREQ]
compound word	2	كَلِمَة مُرَكَّبَة	kalimah murakkabah	کلمهٔ مرکب	klmhٔ mrkb		[SOLTANI]			
connection	2	وَصْلْ	waṣl							
continuous pagination	1	تَرْقِيمْ الصَّفَحَاتْ المُسْتَمِرْ	tarqīm al-ṣṣafaḥāt al-mustamir	صفحه‌شماری پیوسته	sfhhšmāri pivsth	a) To number the pages of a book continuously across all those in the front matter, the text and the back matter. b) To number the pages continuously across those of all books, such as a series published in separate volumes. Also to number the pages continuously across those of all issues of a periodical published in a year, aside from pagination per issue. 	[JLREQ]		[SOLTANI]	[JIS-Z-8125]
control characters	1	حُرُوفْ تَحَكُّمْ	ḥurūf taḥakkum	حروف کنترلی	hruf kntrli		[MAJAM]			
desktop publishing	3						[LUPTON]			
copy 	2	نُسْخَة	nuskhah	نسخه	nsxh		[SOLTANI]			
contrast	3						[FELICI]			
cover	2	غِلَافْ	ghilāf	جلد	jld		[SOLTANI]			
cut-in heading	2					A style of headings. Headings do not occupy the full lines, but share lines area with following main text lines.	[JLREQ]			[JLREQ]
distributed arrangement	3						[CLREQ]			
dash	1	وَاصِلَة	wāṣilah				[LUPTON]			
double running head method	3					A method that prints running heads on both even and odd pages. 	[JLREQ]			
dummy	3						[SOLTANI]			
dedication	2	إِهْدَاءْ	ihdā’	اهدائیه	āhdā’ih		[SOLTANI]			
descender		جُزْء الحَرْفْ السُّفْلِي، النَّازِلْ	juz’ al-ḥarf  al-ssuflīy, al-nnāzil							
descender line	1	مَا تَحْتَ السَّطْرْ	mā taḥta al-ssaṭr			A descender is the part of a letter extending below the base line, as in 'g', 'j', 'p', 'q', or 'y'. A descender line is a virtual line drawn at the bottom of descender parallel to base line.	[JLREQ]			[JLREQ]
diacritical marks	1	علامات التشكيل	ʻalāmāt al-ttashkīl	اِعراب، نشانه‌های حروف	āe’rāb, nšānhhāy hruf		[SOLTANI]			
diagonal fraction	2	جُزْءْ قُطْرِي	juz’ quṭrī				[FELICI]			
diagram	2	رَسْمْ بَيَانِي، رَسْمْ تَخْطِيطِي	rasm bayānī, rasm takhṭīṭī	نمودار	nmudār		[SOLTANI]			
end point	3						[CLREQ]			
disconnection	2	فَصْلْ	faṣl							
discretionary hyphen	1	وَاصِلَة لَيِّنَة	wāṣilah layyinah			See soft hyphen.	[FELICI]			
endpaper	3						[SOLTANI]			
entry	3						[SOLTANI]			
display	2	عَرْضْ	ʻarḍ	نمایش	nmāyš		[SOLTANI]			
epilogue	3						[SOLTANI]			
display type	2	نَوْعْ العَرْضْ	nawʻ al-ʻarḍ				[SOLTANI]			
even inter-character spacing	3					A text setting with uniform inter-character spacing per line so that each line is aligned on the same line-head and line-end. 	[JLREQ]			
document	1	وَثِيقَة، مُسْتَنَدْ	wathīqah, mustanad	سند	snd		[SOLTANI]			
excerpt	3						[SOLTANI]			
dpi	2	نُقْطَة فِي البُوصَة	nuqṭah fī al-būṣah	نقطه در اینچ	nqte dr ieynč	Dots per inch (DPI, or dpi) is a measure of spatial printing. 				
eastern arabic numerals	1	الأَرقَامْ العَرَبِيَّة المَشْرِقِيَّة	al-’arqām al-ʻarabīyah al-mashriqīyah			٠ ١ ٢ ٣ ٤ ٥ ٦ ٧ ٨ ٩				
final	3						[CLREQ]			
fixed inter-character spacing	3					A text setting with a uniform inter-character spacing. 	[JLREQ]			
ellipsis	1	عَلَامَة القَطْع، القَطْعْ	ʻalāmat al-qaṭʻ, al-qaṭʻ	سه‌نقطه	shnqth		[CLREQ]			
flush and hang	3						[SOLTANI]			
drop cap	3						[FELICI]			
Elongation	2	التَّطْوِيلْ	al-ttaṭwīl							
EM	2	(وَحَدَةْ قِيَاسْ)  إِمْ، وَحَدَةْ قِيَاسْ النُقْطَة	(waḥadah qīās) im, waḥadat qīās al-nuqṭah	اِم، ضربه	āem, zrbh	Unit in the field of typography, equal to the currently specified point size. A reference to the width of the capital "M"	[SOLTANI]		[SOLTANI]	
flyleaf	3						[SOLTANI]			
foldout	3						[SOLTANI]			
em dash	2	خَطْ فاصِلْ مِنْ حَجْمْ  اِمْ، وَصْلَة طَوِيلَة	khaṭ fṣil min ḥajm im, waṣlah ṭawīlah	خط	xt	A wide dash, usually of size EM	[LUPTON]			
em space	2	فَرَاغْ مِنْ حَجْمْ اِمْ، فَرَاغْ طَوِيلْ	farāgh min ḥajm im, farāgh ṭawīl	فاصلهٔ اِم	fāslhٔ em	A wide space, usually of size EM	[FELICI]		[SOLTANI]	
font embedding	3						[LUPTON]			
EN	2	نصف وحدة قياس النقطة	niṣf waḥadat qīās al-nuqṭah	اِن	āen	???	[SOLTANI]			
foot side	3						[CLREQ]			
en dash	2	وَصْلَة  مُتَوَسِّطَة	waṣlah mutawassiṭah	خط اِن	xt en	A not-so-wide dash, usually of size EN	[LUPTON]			
en space	2	مَسَافَة مُتَوَسِّطَة	masāfah mutawassiṭah	فاصلهٔ اِن	fāslhٔ en	A not-so-wide space, usually of size EN	[FELICI]		[SOLTANI]	
encoding	1	تَرْمِيزْ	tarmīz	کدنگاری	kdnɡāri		[MAJAM]			
endnote	1	التَّعْلِيقْ الخِتَامِي، حَاشِيَة	al-ttaʻlīq al-khitāmī, ḥāshīah			A set of notes placed at the end of a part, chapter, section, paragraph and so on, or at the end of a book. 	[JLREQ]			[JIS-Z-8125]
epigraph	2	اِقْتِبَاسْ، مَقُولَة قَصِيرَة	iqtibās, maqūlah qaṣīrah	سرلوحه	srluhh		[SOLTANI]			
European numerals	1	أَرْقَامْ  أُورُوبِيَّة	arqām ūrūbīyah	ارقام اروپایی	ārqām aoerupāiy	Any of the symbols in [0-9] used to represent numbers. Sometimes called Arabic numerals or ASCII numerals.	[JLREQ]			[JIS-Z-8125]
full measure	3						[SOLTANI]			
gallery	3						[SOLTANI]			
gatefold	3						[SOLTANI]			
exception dictionary	2	قَامُوسْ الإِسْتِثْنَاءَاتْ	qāmūs al-’istithnā’āt				[SOLTANI]			
exclamation marks	1	عَلَامَاتْ التَّعَجُّبْ	ʻalāmāt al-ttaʻajjub	علامت تعجب	’lāmt t’jb		[CLREQ]			
figure	1	شَكْلْ	shakl	تصویر	tsuyr		[SOLTANI]			
graph	3						[LUPTON]			
first-line indent	2	مَسَافَة السَّطْرْ الأَوَّلْ	masāfat al-ssaṭr al-’awwal	تورفتگی خط اول	turftɡi xt uowl		[FELICI]			
fixed-width	1	ثَابِتْ العَرْضْ	thābit al-ʻarḍ			A characteristic of a font where the same character advance is assigned for all glyphs. 	[JLREQ]			[JIS-Z-8125]
flush left alignment	2	مُحَاذَاة  إِلَى اليَمِينْ	muḥādhāt ilá al-yamīn				[LUPTON]			
hair space	3						[SOLTANI]			
flush right alignment	2	مُحَاذَاة  إِلَى اليَسَارْ	muḥādhāt ilá al-yasār				[LUPTON]			
folio	2	وَرَقَة، صَفْحَة	waraqah, ṣafḥah	شمارهٔ صفحه	šmārhٔ sfhh		[SOLTANI]			
halftitle	3						[SOLTANI]			
font	1	الخَطْ	al-khaṭ	فونت، قلم	funt, qlm	A set of character glyphs of a given typeface. 	[JLREQ]			[JIS-Z-8125]
font family/typeface family	2	أُسْرَة مِحْرَفْ، أُسْرَة خُطُوطْ	usrat miḥraf, usrat khuṭūṭ	خانوادهٔ فونت	xānuādhٔ funt		[FELICI]			
font metrics	1	مَقَايِيسْ الخَطْ	maqāyīs al-khaṭ				[FELICI]			
hanging punctuation marks for line end	3						[CLREQ]			
foot	1	تَذْيِيلْ	tadhyīl	پایه	pāyh	a) The bottom part of a book or a page. b) The bottom margin between the edge of a trimmed page and the hanmen (text area) 	[JLREQ]		[SOLTANI]	[JIS-Z-8125]
foot/bottom margin	1	الهاَمِشْ الأَسْفَلْ	al-hamish al-’asfal	حاشیهٔ پایینی	hāšihٔ pāiyni		[CLREQ]		[SOLTANI]	
footer	1	تَذْيِيلْ الصَّفْحَة	tadhyīl al-ṣṣafḥah	پاصفحه	pāsfhh		[FELICI]			
footnote	1	حَاشِيَة سَفْلِيَة	ḥāshīah saflīyah	پانویس	pānuys	A note in a smaller face than that of main text, placed at the bottom of a page. 	[JLREQ]			[JIS-Z-8125]
fore-edge	2	الحَافة العَمودِيَّة الخَارِجِيَّة	al-ḥāfh al-ʻamwdīyah al-khārijīyah	حاشیهٔ بیرونی	hāšihٔ biruni	a) The three front trimmed edges of pages in a book. b) The opposite sides of the gutter in a book. 	[JLREQ]		[SOLTANI]	[JIS-Z-8125]
format	2	تنْسِيقْ، هَيْئَة	tansīq, hay’ah	شکل‌بندی، شکل	šklbndi, škl		[SOLTANI]		[SOLTANI]	
horizonal-in-vertical setting	3						[CLREQ]			
horizontal and vertical scaling	3						[LUPTON]			
fraction	2	كَسْرْ	Kasr				[SOLTANI]			
front matter	1	المَادَّة الأَمَامِيَّة	al-māddah al-’amāmīyah	واحدهای پیش از متن	uāhdhāy piš aoez mtn	The first part of a book followed by the text, usually consisting of a forward, preface, table of contents, list of illustrations, acknowledgement and so on.	[JLREQ]		[SOLTANI]	[JLREQ]
full-width	1	تَامْ العَرْضْ	tām al-ʻarḍ			a) Relative index for the length which is equal to a given character size. b) Character frame which character advance is equal to the amount referred to as a). A full-width character frame is square in shape by definition.	[JLREQ]			[JLREQ]
glyph	1	صُورَةْ الرَّمْزْ	ṣūrah al-rramz				[CLREQ]			
golden rectangle	2			مستطیل طلایی	msttil tlāiy		[LUPTON]			
golden section	2			بخش طلایی	bxš tlāiy		[LUPTON]			
Greek letters	1	حُرُوفْ يُونَانِيَّة	ḥurūf yūnānīyah	حروف یونانی	hruf yvnāni		[CLREQ]			
grid alignment	1			هم‌ترازی شطرنجی	hmtrāzi štrnji		[CLREQ]			
initial	3						[CLREQ]			
gutter	1	حَاشِیَة	ḥāshīah	حاشیه	hāših	a) The binding side of a spread of a book. b) the margin between the binding edge of a book and the hanmen (text area). c) The part of a book where all pages are bound together to the book spine. 	[JLREQ]			[JIS-Z-8125]
half em	1	نِصْفْ اِمْ	niṣf im	نیم اِم	nim em	Half of the full-width size. 	[JLREQ]			[JIS-Z-8125]
half em space	1	فَرَاغْ نِصْفْ اِمْ	farāgh niṣf im	فاصلهٔ نیم اِم	fāslhٔ nim em	Amount of space that is half size of em space.	[JLREQ]			[JLREQ]
hang line	1	سَطْرْ مُعَلَّقْ	saṭr muʻallaq				[LUPTON]			
inter-character space	3					Amount of space between two adjacent character frames on the same line.	[JLREQ]			
hanging indentation	2	تعليق المسافة البادئة					[LUPTON]			
hard hyphen	3						[FELICI]			
hanging punctuation	2	تعليق علامات الترقيم					[LUPTON]			
harakat	2	حَرَكَاتْ	ḥarakāt			Tashkil marks representing short vowel sounds.				
head	1	رَأْسْ	ra’s	سَر	sar	a) The top part of a book or a page. b) The top margin between the top edge of a trimmed page and the hanmen (text area) 	[JLREQ]		[SOLTANI]	[JIS-Z-8125]
head/top margin	1	هَامِشْ عُلْوِي	hāmish ʻulwī	حاشیهٔ بالا	hāšihٔ bālā		[CLREQ]			
header	1	رَأْسْ	ra’s	سرصفحه	srsfhh		[FELICI]			
heading	1	عُنْوَانْ	ʻunwān	عنوان	’nuān	a) A title of a paper or an article. b) A title for each section of a book, paper or article. 	[JLREQ]		[SOLTANI]	[JIS-Z-8125]
headline	1	عُنْوَانْ رَئِيسِي	ʻunwān ra’īsī				[LUPTON]			
headnote	1	تَقْدِمَة	taqdimah			A kind of notes in vertical writing style, head area in kihon-hanmen is kept beforehand, and notes are set with smaller size font than main text.	[JLREQ]			[JLREQ]
legend	3						[SOLTANI]			
hierarchy	2	تسلسل هرمي، ترتيب هرمي		سلسله‌مراتب	slslhmrātb		[LUPTON]			
horizontal writing mode	2	صِيغَة الكِتَابَة الأُفُقِيَّة	ṣīghat al-kitābah al-’ufuqīyah	حالت نوشتار افقی	hālt nuštār aoefqi	The process or the result of arranging characters on a line from left to right, of lines on a page from top to bottom, and/or of columns on a page from left to right. 	[JLREQ]			[JIS-Z-8125]
lettering	3						[SOLTANI]			
hyphen	1	وَاصِلَة	wāṣilah	نیمخط	nimxt		[LUPTON]		[SOLTANI]	
hyphenation	1	اِسْتِخْدَامْ الوَاصِلَة	istikhdām al-wāṣilah			A method of breaking a line by dividing a Western word at the end of a line and adding a hyphen at the end of the first half of the syllable.	[JLREQ]			[JLREQ]
hyphenation and justification	2	الوَاصِلَة وَالمُحَاذَاةْ	al-wāṣilah wālmuḥādhāt			Also abbreviated as H&J	[FELICI]			
hyphenation routine	2	إِجْرَاءْ الوَاصِلَة	ijrā’ al-wāṣilah				[SOLTANI]			
ihmal	2	إِهْمَالْ	ihmāl			See tashkil				
ijam	1	إِعْجَامْ	iʻjām			Diacritical marks applied to a basic letter shape (or skeleton) to derive a new letter. For example a dot under a "curve" to get the letter Beh. In Unicode each letter plus ijam combination is encoded as a separate, atomic character.				
illustrations	1	رَسْمْ تَوْضِيحِي، صُورَة إِيضَاحِيَّة	rasm tawḍīḥī, ṣūrahīḍāḥīyah	تصویر	tsuyr	A general term referring to a diagram, chart, cut, figure, picture and the like, to be used for printed materials.	[JLREQ]		[SOLTANI]	[JLREQ]
indentation	1	إِزَاحَة، مَسَافَة بَادِئَة 	izāḥah, masāfah bādi’ah	فاصلهٔ سرِ سطر، تورفتگی سرِ سطر	fāslhٔ sre str, turftɡi sre str		[FELICI]		[POOYA]	
line adjustment by inter-character space reduction	3					A line breaking rule that aligns both edges of a line by removing adjustable spaces such as conditional spaces for punctuation marks. .	[JLREQ]			
independent pagination	1	تَرْقِيمْ الصَّفَحَاتْ مُسْتَقِلْ	tarqīm al-ṣṣafaḥāt mustaqil	صفحه‌بندی مستقل	sfhhbndi mstql	To number the pages of the front matter, the text and the back matter independently. 	[JLREQ]			[JIS-Z-8125]
index	1	فِهْرِسْ	fihris	فهرست راهنما	fhrst rāhnmā	A list of terms or subjects with page numbers for where they are referred to in a single or multiple volumes of a book. 	[JLREQ]		[SOLTANI]	[JIS-Z-8125]
initial	2	أَوَّلِي	awwalī	آغازین	āqāzin		[SOLTANI]			
inline direction	1	الاِتِّجَاهْ السَّطْرِي	al-ittijāh al-ssaṭrī			Text direction in a line. 	[JLREQ]			[JIS-Z-8125]
input	1	إِدْخَالْ	idkhāl	ورودی	urudi		[SOLTANI]		[SOLTANI]	
inseparable characters rule	2	قَاعِدَة  مَحَارِفْ لَا تَنْفَصِلْ	qāʻidat maḥārif lā tanfaṣil			A line adjustment rule that prohibits inserting any space between specific combinations of characters. 	[JLREQ]			[JIS-Z-8125]
interpunct	1						[CLREQ]			
italics	1	مَائِلْ	mā’il	ایتالیک	āytālik		[SOLTANI]		[SOLTANI]	
itemization	1	وَضْعْ بُنُودْ، تَبْوِيبْ، عَنَاصِرْ	waḍʻ bunūd, tabwīb, ʻanāṣir			To list ordered or unordered items one under the other. 	[JLREQ]			[JIS-Z-8125]
Justification		مُحاذَاةْ، مُسَاوَاةْ	muḥdhāt, musāwāt	میزان‌سازی			[SOLTANI]		[SOLTANI]	
justified alignment	1	مُحَاذَاةْ مَضْبُوطَة	muḥādhāt maḍbūṭah	هم‌ترازی میزان	hmtrāzi mizān		[LUPTON]		[SOLTANI]	
kashida	1	الْكَشِيدَة، التَّطْوِيلْ	al-kashīdah, al-ttaṭwīl	کشیده	kšidh		[MAJAM]			
kerning	3	تجانب					[LUPTON]			
label name	1	اِسْمْ بِطَاقَةْ العَنْوَنَة	ism biṭāqat al-ʻanwanah			Text following or followed by numbers for illustrations, tables, headings and running headings.	[JLREQ]			[JIS-X-4051]
Latin letters	1	حُرُوف لَاتِينِيَّة	ḥurūf lātīnīyah	حروف لاتین	hruf lātin		[CLREQ]			
layout	1	نَسْقْ، تَصْمِيمْ	nasq, taṣmīm	قالب‌بندی	qālbbndi		[SOLTANI]			
leading	2	قِيَادِي	qīādī				[LUPTON]			
mabsut		مَبْسُوطْ	mabsūṭ							
manual of style	3						[SOLTANI]			
letter face	1	صُورَةْ الحَرْفْ	ṣūrat al-ḥarf			Area in which glyph is drawn. 	[JLREQ]			[JIS-Z-8125]
lettering	2	تَرْقِينْ، كِتَابَة	tarqīn, kitābah	طراحی حروف	trāhi hruf		[LUPTON]		[POOYA]	
letterpress printing	1	طِبَاعَةْ الحُرُوفْ	ṭibāʻat al-ḥurūf	چاپ برجسته	čāp brjsth	The traditional printing method using movable type.	[JLREQ]			[JLREQ]
letterspacing	2	تَبَاعُدْ الحُرُوفْ	tabāʻud al-ḥurūf	فاصلهٔ حروف	fāslhٔ hruf		[LUPTON]			
medial	3						[CLREQ]			
ligature	1	رَبْطْ بَيْنَ الحُرُوفْ، تَرْكِيبْ، حَرْفْ مُرَكَّبْ 	rabṭ bayna al-ḥurūf, tarkīb, ḥarf murakkab				[LUPTON]			
line	1	سَطْرْ	saṭr	خط	xt		[CLREQ]			
line adjustment	1	مُحَاذَاةْ السَّطْرْ	muḥādhāt al-ssaṭr	تنظیم خط	tnzim xt	A method of aligning both edges of all lines to be the same given length by removing or adding adjustable spaces.	[JLREQ]			[JLREQ]
line adjustment by hanging punctuation	1	مُحَاذَاة السَّطْرْ  بِتَعْلِيقْ عَلَامَاتْ التَّرْقِيمْ	muḥādhāt al-ssaṭr bitaʻlīq ʻalāmāt al-ttarqīm			A line breaking rule to avoid commas or full stops at a line head (which is prohibited in Japanese typography) by taking them back to the end of the previous line beyond the specified line length. 	[JLREQ]			[JIS-Z-8125]
line adjustment by inter-character space expansion	1	 مُحَاذَاة السَّطْرْ  بِتَوسِيع الفَرَاغْ بَيْنَ المَحَارِفْ	muḥādhāt al-ssaṭr bitawsīʻ al-farāgh bayna al-maḥārif			A line breaking rule that aligns both edges of a line by expanding inter-character spaces. .	[JLREQ]			[JIS-Z-8125]
line breaking rules	1	قَوَاعِد كَسْرْ  السَّطْرْ 	qawāʻid kasr al-ssaṭr			A set of rules to avoid prohibited layout in Japanese typography, such as "line-start prohibition rule", "line-end prohibition rule", inseparable or unbreakable character sequences and so on. 	[JLREQ]			[JIS-Z-8125]
Line Charts	4	مخططات بيانية للسطر								
neutral tone	3						[CLREQ]			
Line drawing  	4	رسم السطر								
line end	1	نِهَايَة السَّطْرْ	nihāyat al-ssaṭr	انتهای خط	ānthāy xt	The position at which a line ends. 	[JLREQ]			[JIS-Z-8125]
line end alignment	1	مُحَاذَاة نِهَايَة السَّطْرْ	muḥādhāt nihāyat al-ssaṭr	هم‌ترازی انتهای خط	hmtrāzi aoenthāy xt	To align a run of text to the line end. 	[JLREQ]			[JIS-Z-8125]
line end indent	1	مَسَافَة بَدْئْ نِهَايَة السَّطْرْ	masāfat bad’ nihāyat al-ssaṭr	تورفتگی انتهای خط	turftɡi aoenthāy xt	To reserve a certain amount of space before the default position of a line end. 	[JLREQ]			[JIS-Z-8125]
line feed	1	تَغْذِيَة السَّطْرْ	taghdhīat al-ssaṭr			The distance between two adjacent lines measured by their reference points. 	[JLREQ]			[JIS-Z-8125]
line gap	1	فَجْوَة السَّطْرْ	fajwat al-ssaṭr	فاصلهٔ بین خطوط	fāslhٔ bin xtut	The smallest amount of space between adjacent lines.	[JLREQ]			[JLREQ]
line head	1	رَأْسْ السَّطْرْ	ra’s al-ssaṭr	سرِ سطر	sre str	The position at which a line starts. 	[JLREQ]			[JIS-Z-8125]
line head alignment	1	 مُحَاذَاة رَأْسْ السَّطْرْ	muḥādhāt ra’s al-ssaṭr	هم‌ترازیِ سر سطر	hmtrāzie sr str	To align a run of text to the line head. 	[JLREQ]			[JIS-Z-8125]
line head indent	1	مَسَافَة بَدْئْ  رَأْسْ السَّطْرْ	masāfat bad’ ra’s al-ssaṭr	فاصلهٔ سر سطر، تو رفتگی سر سطر	fāslhٔ sr str, tu rftɡi sr str	To reserve a certain amount of space after the default position of a line head. 	[JLREQ]			[JIS-Z-8125]
line height	1	اِرْتِفَاعْ الخَطْ	irtifāʻ al-khaṭ	ارتفاع خط	ārtfā’ xt		[CLREQ]			
line length	1	طُولُ السَطْرْ	ṭūlu al-saṭr	طول خط	tul xt	Length of a line with a pre-defined number of characters. When the line is indented at the line head or the line end, it is length of the line from the specified amount of line head indent to the specified amount of line end indent.	[JLREQ]			[JLREQ]
line spacing	1	تَبَاعُدْ الأَسْطُرْ	tabāʻud al-’asṭur				[LUPTON]			
line-end prohibition rule	2	قَاعِدَة حَظْرْ  نِهَايَة السَّطْرْ	qāʻidat ḥaẓr nihāyat al-ssaṭr			A line breaking rule that prohibits specific characters at a line end. 	[JLREQ]			[JIS-Z-8125]
line-start prohibition rule	2	قَاعِدَة حَظْرْ بِدَايَة السَّطْرْ	qāʻidat ḥaẓr bidāyat  al-ssaṭr			A line breaking rule that prohibits specific characters at a line head. 	[JLREQ]			[JIS-Z-8125]
list	2	قَائِمَة، لَائِحَة	qā’imah, lā’iḥah	فهرست	fhrst		[SOLTANI]		[SOLTANI]	
long dash	1	شَرْطَة طَوِيلَة	sharṭah ṭawīlah				[CLREQ]			
loop	3	الدَّوْرَة	al-ddawrah			In typography, the part of a letter or other character consisting of a bowl which serves as a flourisg, as in the bottom portion of the lowercase "g." 		https://blog.29lt.com/2015/07/30/arabic-type-anatomy-typographic-terms/		
Loop-height	3	اِرْتِفَاعْ الدَّوْرَة	irtifāʻ al-ddawrah					https://blog.29lt.com/2015/07/30/arabic-type-anatomy-typographic-terms/		http://printwiki.org/Loop
mabsut	2	مَبْسُوطْ	mabsūṭ			Kind of writing style that tends to rigidity and firmness with pronounced angularity.				
main text	1	نَصْ رَئِيسِي	naṣ ra’īsī	متن اصلی	mtn aoesli	a) The principal part of a book, usually preceded by the front matter, followed by the back matter. b) The principal part of an article excluding figures, tables, heading, notes, leads and so on. c) The content of a page excluding running heads and page numbers. d) The net contents of a book excluding covers, end papers, insets and so on. 	[JLREQ]			[JIS-Z-8125]
margin	1	هَامِشْ	hāmish	حاشیه	hāših		[SOLTANI]		[SOLTANI]	
mark up		مصفوفة		نشانگذاری			[SOLTANI]		[SOLTANI]	
matrix	3					A metal mold from which movable type is cast.	[JLREQ]			
measure	2	قِيَاسْ	qīās	مقیاس، اندازه	mqiās, aoendāzh		[SOLTANI]		[POOYA]	
measurement	2	قِيَاسْ	qīās	اندازه‌گیری	āndāzhɡiri		[SOLTANI]			
mixed text composition	1	تَرْكِيبَة النَّصْ المُخْتَلِطْ	tarkībah al-nnaṣ al-mukhtaliṭ			a) To interleave Japanese text with Western text in a line (Japanese and Western mixed text composition). b) To compose text with different sizes of characters (mixed size composition). c) To compose text with different typefaces (mixed typeface composition). 	[JLREQ]			[JIS-Z-8125]
mixing typefaces	1	خَلْطْ أنْمَاطْ الخُطُوطْ	khalṭ anmāṭ al-khuṭūṭ	ترکیب قلم‌ها	trkib qlmhā		[LUPTON]			
modular grid	2	شَبَكَة وَحَدَاتْ، شَبَكَة مُرَكَّبَة مِنْ وَحَدَاتْ	shabakah waḥadāt, shabakah murakkabat min waḥadāt	شطرنجی مُدولی	štrnji moduli		[LUPTON]		[POOYA]	
parallel-note	3					Areas of notes are kept when the kihon-hanmen is designed. Related notes are set in these areas, with page unit or spread unit. Parallel-note is the general name for head note (in vertical writing mode), foot note (in vertical writing mode) and side note (in horizontal writing mode).	[JLREQ]			
movable type	3	نَوْعْ حُرُوفْ مُتَحَرِّكْ	nawʻ ḥurūf mutaḥarrik	حروف چاپی متحرک			[LUPTON]		[POOYA]	
pause or stop punctuation marks	3						[CLREQ]			
multi-column format	1	تَنْسِيقْ مُتَعَدِّدْ الأَعْمِدَة	tansīq mutaʻaddid al-’aʻmidah	شکل‌بندی چندستونی	šklbndi čndstuni	A format of text on a page where text is divided into two or more sections (columns) in the inline direction and each column is separated by a certain amount of space (column space). 	[JLREQ]		[SOLTANI]	[JIS-Z-8125]
phonetic annotation	3						[CLREQ]			
pica em	3						[SOLTANI]			
multi-column grid	2	شَبَكَة مُتَعَدِّدَة الأَعْمِدَة	shabakah mutaʻaddidat al-’aʻmidah	شطرنجی چندستونی	štrnji čndstuni		[LUPTON]		[POOYA]	
multivolume work	2	عَمَلْ مُتَعَدِّدْ الأَجْزاءْ 	ʻamal mutaʻaddid al-’ajz’	اثر چند جلدی	āsr čnd jldi	A set of work published in two or more volumes, as in the complete work or the first/last half volumes.	[JLREQ]			[JLREQ]
mukawwar	2	مُكَوَّرْ	mukawwar			Kind of writing style, generally opposed to mabsut, that is more flexible and rounded. 				
new column	1	عَمُودْ جَدِيدْ	ʻamūd jadīd	ستون جدید	stun jdid	In multi-column setting, to change to new column before the end of current column.	[JLREQ]			[JLREQ]
new recto	2	صَفْحَة يُمْنَى جَدِيدَة	ṣafḥah yumná jadīdah	آغاز در صفحهٔ فرد	āqāz dr sfhhٔ frd	To start a new heading or something on a odd page. 	[JLREQ]		[SOLTANI]	[JIS-Z-8125]
post-sentence pause punctuation marks	3						[CLREQ]			
no-break text	2	عَدَمْ تَفَكُّكْ النَّصْ، نَصْ دُونَ اِنْفِكَاكْ	ʻadam tafakkuk al-nnaṣ, naṣ dūna infikāk				[FELICI]			
prohibition rules for line start/end	3						[CLREQ]			
prohibition rules for unbreakable characters	3						[CLREQ]			
nonbreaking hyphen	2	وَاصِلَة غَيْرْ قَاسِمَة	wāṣilah ghayr qāsimah				[FELICI]			
nonbreaking word space	2	فَضَاءْ كَلِمَة غَيْرْ قَاسِمْ	faḍā’ kalimah ghayr qāsim				[FELICI]			
note	1	مُلَاحَظَة	mulāḥaẓah	یادداشت	iāddāšt	Explanatory information added to terms, figures or tables. 	[JLREQ]		[SOLTANI]	[JIS-Z-8125]
number of characters per line	2	عَدَدْ الأَحْرُف فِي كُلِّ سَطْرْ	ʻadad al-’aḥruf fī kulli saṭr	تعداد حروف در خط	t’dād hruf dr xt	Number of characters in a line to specify the length of lines. 	[JLREQ]			[JIS-Z-8125]
number of columns	1	عَدَدْ  الأَعْمِدَة	ʻadad al-’aʻmidah	تعداد ستون‌ها	t’dād stunhā	Number of columns on a page. 	[JLREQ]			[JIS-Z-8125]
numerals	1	الأَعْدَادْ، الأَرْقَامْ	al-’aʻdād, al-’arqām	اعداد	ā’dād		[LUPTON]			
one em space	1	مَسَافَة  اِمْ وَاحِدَة	masāfat im wāḥidah	فاصلهٔ اِم	fāslhٔ em	Amount of space that is full-width size.	[JLREQ]		[SOLTANI]	[JLREQ]
one third em	1	ثُلُثْ  اِمْ	thuluth im	یک‌سوم اِم	iksum em	One third of the full-width size. 	[JLREQ]		[SOLTANI]	[JIS-Z-8125]
one third em space	1	مَسَافَة ثُلُثْ  اِمْ	masāfat thuluth im	فاصلهٔ یک‌سوم اِم	fāslhٔ yksum em	Amount of space that is one third size of em space.	[JLREQ]		[SOLTANI]	[JLREQ]
opening brackets	1	فَتْحْ قَوْسَيْنْ	fatḥ qawsayn	کروشه باز	kruše bāz		[CLREQ]			
recto	3						[SOLTANI]			
reduction	3						[SOLTANI]			
optical size	2	حَجْمْ بَصَرِي	ḥajm baṣarī				[MAJAM]			
optical spacing	2	تَبَاعُدْ بَصَرِي	tabāʻud baṣarī				[MAJAM]			
orientation	1	تَوَجُّهْ	tawajjuh	جهت	jht		[MAJAM]		[POOYA]	
reproduction	3						[SOLTANI]			
original pattern	3	النَّمَطْ الأَصْلِي، الطَّرْحْ الأَصْلِي	al-nnamaṭ al-’aṣlī, al-ṭṭarḥ al-’aṣlī			An original drawn pattern of a character image to be used for a printing type or a digitized glyph.	[JLREQ]			[JLREQ]
ornament	2	زَخْرَفَة	zakhrafah	تزئینی	tz’ini		[LUPTON]		[POOYA]	
outdent	1	إِلْغَاءْ التَّأخِيرْ، إِلْغَاءْ الإِزَاحَة	ilghā’ al-tta’khīr, ilghā’ al-’izāḥah				[LUPTON]			
overhang	2	عبء	ʻib’				[LUPTON]			
overrun	2	تَجَاوُزْ، اِجْتِيَاحْ	tajāwuz, ijtīāḥ				[SOLTANI]			
page	1	صَفْحَة	ṣafḥah	صفحه	sfhh	A side of a sheet of paper in a written work such as a book. 	[JLREQ]			[JIS-Z-8125]
page break	1	فَاصِلْ صَفْحَة	fāṣil ṣafḥah			To end a page even if it is not full and to start a new page with the next paragraph, a new heading and so on. 	[JLREQ]			[JIS-Z-8125]
page footing		قَدَمْ  الصَّفْحَة	qadam al-ṣṣafḥah	پاصفحه						
run	3						[SOLTANI]			
page format	1	شَكْلْ الصَّفْحَة	shakl al-ṣṣafḥah	شکل‌بندی صفحه	šklbndi sfhh	The layout and presentation of a page with text, graphics and other elements for a publication such as a book.	[JLREQ]		[SOLTANI]	[JLREQ]
page heading		عُنْوَانْ الصَّفْحَة	ʻunwān al-ṣṣafḥah	سرصفحه						
page Layout 		تَصْمِيمْ الصَّفْحَة	taṣmīm al-ṣṣafḥah	آرایش صفحه					[SOLTANI]	
page number	1	رَقْمْ الصَّفْحَة	raqm al-ṣṣafḥah	شمارهٔ صفحه	šmārhٔ sfhh	A sequential number to indicate the order of pages in a publication. 	[JLREQ]			[JIS-Z-8125]
page size		حَجْمْ الصَّفْحَة	ḥajm al-ṣṣafḥah	اندازهٔ صفحه						
running head	3					A page element which contains information on the title of the book, chapter, section and so on, printed outside the area of the hanmen. 	[JLREQ]			
pagination	1	تَرْقِيمْ الصَّفَحَاتْ	tarqīm al-ṣṣafaḥāt	صفحه‌شماری	sfhhšmāri		[SOLTANI]		[SOLTANI]	
paging		تَرْقِيمْ الصَّفَحَاتْ	tarqīm al-ṣṣafaḥāt							
paragraph	1	فَقْرَة	faqrah	پاراگراف	pārāɡrāf	A group of sentences to be processed for line composition. A paragraph consists of one or more lines. 	[JLREQ]		[SOLTANI]	[JIS-Z-8125]
paragraph break	1	اِنْقِطَاعْ الفَقْرَة، كَسْرْ الفَقْرَة	inqiṭāʻ al-faqrah, kasr al-faqrah	شکستن پاراگراف	škstn pārāɡrāf	To start a new line to indicate a new paragraph.	[JLREQ]			[JLREQ]
paragraph format	1	تَنْسِيقْ الفَقْرَة	tansīq al-faqrah	شکل‌بندی پاراگراف	šklbndi pārāɡrāf	A format of a paragraph, as in line head indent or line end indent.	[JLREQ]			[JLREQ]
paragraph indent	2	هَامِشْ الفَقْرَة، المَسَافَة البَادِئَة لِلْفَقْرَة 	hāmish al-faqrah, al-masāfah al-bādi’ah lilfaqrah	تورفتگی پاراگراف	turftɡi pārāɡrāf		[FELICI]			
seamless arrangement	3						[CLREQ]			
parenthesis	1	أَقْوَاسْ	aqwās	پرانتز	prāntz		[CLREQ]			
period	1	نُقْطَة	nuqṭah	نقطه	nqth		[CLREQ]			
pixel	2	بكسل، بيكسل	biksl, bīksil	پیکسل	piksl		[LUPTON]			
point	1	نُقْطَة	nuqṭah	نقطه	nqth	A measurement unit of character size. 1 point is equal to 0.3514mm (see JIS Z 8305). There is another unit to measure character sizes called Q, where 1Q is equivalent to 0.25mm.	[JLREQ]			[JLREQ]
polyglot	1	مُتَعَدِّدْ اللُغَاتْ	mutaʻaddid al-lughāt				[LUPTON]			
sidenote	3					A kind of notes, in vertical writing mode with spread unit, and related notes are set from the left end of left page with smaller size font than the main text. A kind of notes, in horizontal writing mode, the realm is kept beforhand in right side or fore-edge side of kihon-hanmen, and related notes are set in the realm with smaller size font than main text.	[JLREQ]			
ppi		بِيكْسْلْ لِكُلِّ بُوصَة	bīksl likulli būṣah	پیکسل در اینچ		Pixels per inch (ppi) is a measure of the density of points on a display.				
printing types	2	أَنْوَاعْ الطِّبَاعَة	anwāʻ al-ṭṭibāʻah			Movable type used for letterpress printing.	[JLREQ]			[JLREQ]
solid setting	3					To arrange characters with no inter-character space between adjacent character frames.	[JLREQ]			
proportional	1	مُتَنَاسِبٌ	mutanāsibun			A characteristic of a font where character advance is different per glyph. 	[JLREQ]			[JIS-Z-8125]
proportional fonts	1	الخُطُوطْ المُتَنَاسِبَة	al-khuṭūṭ al-mutanāsibah				[CLREQ]			
punctuation marks	1	عَلَامَاتْ التَّرْقِيمْ	ʻalāmāt al-ttarqīm			A general term referring to the symbols used in text composition to help make the meaning of text clearer, as in commas, full stops, question marks, brackets, diereses and so on. 	[JLREQ]			[JIS-Z-8125]
quad	2	رُبَاعِيَّة	rubāʻīyah				[SOLTANI]			
quarter em	1	رُبْعْ  اِمْ	rubʻ im	رُبع اِم	rob’ em	Quarter size of full-width.	[JLREQ]		[SOLTANI]	[JLREQ]
starting point	3						[CLREQ]			
quarter em space	1	مَسَافَة  رُبْعْ  اِمْ	masāfat rubʻ im	فاصلهٔ رُبع اِم	fāslhٔ rob’ em	Amount of space that is a quarter of an em space in size.	[JLREQ]		[SOLTANI]	[JLREQ]
quarter em width	1	عُرْضْ رُبْعْ  اِمْ	ʻurḍ rubʻ im	پهنای رُبع اِم	phnāy rob’ em	Character frame which has a character advance of a quarter em.	[JLREQ]		[SOLTANI]	[JIS-X-405]
question mark	1	عَلَامَة اِسْتِفْهَامْ	ʻalāmat istifhām	علامت سوال	’lāmt suāl		[CLREQ]			
quotation	1	اِقْتِبَاسْ	iqtibās			Excerps from other published works. 	[JLREQ]			[JIS-Z-8125]
rag	2	خَرَقَة؟	kharaqah				[LUPTON]			
reference mark		العلامة المرجعية								
reference marks	1	العَلَامَاتْ المَرْجِعِيَّة	al-ʻalāmāt al-marjiʻīyah			A symbol or short run of text attached to a specific part of text, to which notes are provided followed by the corresponding marks.	[JLREQ]			[JLREQ]
reference number	2	الرَّقْمْ المَرْجِعِي	al-rraqm al-marjiʻī				[SOLTANI]			
resolution		الدِّقَّة	al-ddiqqah	وضوح تصویر						
reverse pagination	1	تَرْقِيمْ الصَّفَحَاتْ عَكْسِي	tarqīm al-ṣṣafaḥāt ʻaksī			Numbering pages of a book backwards. 	[JLREQ]			[JIS-Z-8125]
reversed type	2	نَوْعٌ عَكْسْ	nawʻun ʻaks				[LUPTON]			
river	1	نَهْرْ	nahr			Optical path of white space that sometimes occurs when word spaces in successive lines of type occur immediately below each other and continue for several lines. 	[LUPTON]			http://printwiki.org/River
river of white	2						[SOLTANI]			
Roman numerals	1	الأَرْقَامْ الرُّومَانِيَّة	al-’arqām al-rrūmānīyah	اعداد رومی	ā’dād rumi	Numerals represented by upper case or lower case of Latin letters. 	[JLREQ]			[JIS-Z-8125]
term	3						[SOLTANI]			
terminology	3	مُصْطَلَحْ	muṣṭalaḥ				[SOLTANI]			
romanization	1	الكِتَابَة بِالحُرُوفِ اللَاتِينِيَّة	al-kitābah bilḥurūfi al-lātīnīyah	لاتین‌نویسی	lātinnuysi		[CLREQ]		[SOLTANI]	
rule	2	قَاعِدَة	qāʻidah				[SOLTANI]			
run back	2	تشغيل مرة أخرى					[SOLTANI]			
title mark	2	عَلَامَةْ عُنْوَانْ	ʻalāmat ʻunwān				[CLREQ]			
run down	2	الخُطوُطْ العَرِيضَة لِلْمُحْتَوَيَاتْ	al-khuṭwuṭ al-ʻarīḍah lilmuḥtawayāt			In video production, an outline of the contents of a program,	[SOLTANI]			
tracking	3	ضَبْطْ تَبَاعُدْ الحُرُوفْ	ḍabṭ tabāʻud al-ḥurūf				[CLREQ]			
run in	2	فِي نَفْسِ الخَطْ	fī nafsi al-khaṭ			In typography, any copy—specifically a head—designed to be set in the same line as the text. 	[SOLTANI]			
run-in heading	1	عُنْوَانْ بِدُونِ اِنْقِطَاعْ	ʻunwān bidūni inqiṭāʻ			A kind of heading style to continue main text just after the heading without line break.	[JLREQ]			[JLREQ]
trim marks	4						[SOLTANI]			
runaround	2	فَرَاغْ نَائِبْ عَنْ صُورَة إِيضَاحِيَّة	farāgh nā’ib ʻan ṣūrah īḍāḥīyah			In typography, copy typeset so that it will create a "hole" on the page to fit an illustration	[SOLTANI]			
trim size	4						[SOLTANI]			
type area	3						[CLREQ]			
running feet	2	عُنْوَانْ فِي الجُزْءِ السَّفْلِي مِنْ صَفَحَاتْ مُتَتَالِيَّة	ʻunwān fī al-juz’i al-ssaflī min ṣafaḥāt mutatālīyah			A "heading"—such as a book title, chapter title, or author—that is located at the bottom of consecutive page	[SOLTANI]			
running heads	2	عُنْوَانْ فِي الجُزْءِ العُلْوِي مِنْ صَفَحَاتْ مُتَتَالِيَّة	ʻunwān fī al-juz’i al-ʻulwī min ṣafaḥāt mutatālīyah			A heading—such as a book title, chapter title, or author—that is located at the top of consecutive pages,	[SOLTANI]			
runover	2	تَشْغِيلْ أَكْثَرْ	tashghīlakthar				[SOLTANI]			
sans-serif		خَالِي مِنَ التَّذْيِيلْ	khālī mina al-ttadhyīl							https://blog.29lt.com/2015/07/30/arabic-type-anatomy-typographic-terms
scale	2	مِقْيَاسْ، نِطَاقْ	miqyās, niṭāq				[LUPTON]			
script	1	النَّصْ، الكِتَابَة	al-nnaṣ, al-kitābah				[SOLTANI]			
second indenetation	2	المَسَافَة البَادِئَة الثَّانِيَّة	al-masāfah al-bādi’ah al-ththānīyah				[SOLTANI]			
second level heading	1	عُنْوَانْ المُسْتَوَى الثَّانِي	ʻunwān al-mustawá al-ththānī			Second level and middle size heading between first level heading and third level heading. 	[JLREQ]			[JIS-Z-8125]
semicolon	1	فَاصِلَة مَنْقُوطَة	fāṣilah manqūṭah	نقطه‌ویرگول	nqthuyrɡul		[LUPTON]			
sentence	1	جُمْلَة	jumlah	جمله	jmlh		[SOLTANI]			
shadda	2	شَدَّة	shaddah			A tashkil mark indicating gemination of the base consonant.				
sideheads	2	رُؤُوسْ الجَانِبْ	ru’ūs al-jānib				[SOLTANI]			
verso	3						[SOLTANI]			
single line alignment method	1	طَرِيقَة المُحَاذَاة لِسَطْرٍ وَاحِدْ 	ṭarīqat al-muḥādhāt  lisaṭrin wāḥid			To align a run of text that is shorter than a given line length to designated positions.	[JLREQ]			[JLREQ]
vocabulary	3						[SOLTANI]			
single running head method	1	 طَرِيقَة الرَأْسْ بِتَشْغِيلْ وَاحِدْ 	ṭarīqat al-ra’s bitashghīl wāḥid			A method that puts running heads only on odd pages. 	[JLREQ]			[JIS-Z-8125]
sinkage	2	فَرَاغْ عَمُودِي إضَافِي	farāgh ʻamūdī iḍāfī				[SOLTANI]			
soft hyphen	1	وَاصِلَة لَيِّنَة	wāṣilah layyinah				[FELICI]			
solidus	1	العَلَامَة المَائِلَة	al-ʻalāmah al-mā’ilah				[CLREQ]			
sorting	2	التَّرْتِيبْ	al-ttartīb	ترتیب	trtib		[MAJAM]			
space	1	فَرَاغْ	farāgh	فاصله	fāslh	Amount of space between adjacent characters or lines. It also refers to the blank area between the edges of a hanmen or an illustration and text or other hanmen elements.	[JLREQ]			[JLREQ]
spacing	1	التَّبَاعُدْ	al-ttabāʻud	فاصله‌گذاری	fāslhɡzāri		[SOLTANI]			
spelling		الهَجَاءْ،  التَّهْجِئَة، التَّسْطِيرْ	al-hajā’, al-ttahji’ah, al-ttasṭīr							
spine	2	العَمُودْ	al-ʻamūd				[LUPTON]			
spread	1	اِنْتِشَارْ				Any two facing pages when opening a book and the like. 	[JLREQ]			[JIS-Z-8125]
stem	2	جذع					[LUPTON]			
style	1	أسلوب، النمط	intishār	شیوه	šivh		[SOLTANI]			
style guide	1	دَلِيلْ النَّمَطْ	dalīl al-nnamaṭ	شیوه‌نامه	šivhnāmh		[LUPTON]			
subheads	2	العَنَاوِينْ الفَرْعِيَّة	al-ʻanāwīn al-farʻīyah				[SOLTANI]			
subscript (inferior)	1	نَصْ مُنْخَفِضْ (أَسْفَلْ)	naṣṣ munkhafiḍ (’asfal)			Smaller face of characters, attached to the lower right or the lower left of a normal size character. 	[JLREQ]			[JIS-Z-8125]
subtitle	1	عُنْوَانْ فَرْعِي	ʻunwān farʻī	زیرنویس	zirnuys	Secondary title for headings, subtile.	[JLREQ]			[JIS-Z-8125], [JIS-X-4051]
sukun	2	سُكُونْ	sukūn			A tashkil mark indicating the lack of a vowel after the consonant to which it is attached.				
superior numeral	2	الرَّقْمْ العُلْوِي	al-rraqm al-ʻulwī				[SOLTANI]			
superscript (superior)	1	نَصْ مُرْتَفِعْ (أَعْلَى)	naṣṣ murtafiʻ (’aʻlá)			Smaller face of characters, attached to the upper right or the upper left of a normal size character. 	[JLREQ]			[JIS-Z-8125]
symbol	2	رَمْزْ	ramz				[SOLTANI]			
tab	1	عَلَامَة التَّبْوِيبْ	ʻalāmat al-ttabwīb				[CLREQ]			
tab setting	1	وَضْعْ عَلَامَة التَّبْوِيبْ	waḍʻ ʻalāmat al-ttabwīb			A method of line composition to align one or more runs of text to designated positions on a line.	[JLREQ]			[JLREQ]
table	1	جَدْوَلْ	jadwal	جدول	jdul	Formatted data consisting of characters or numbers, arranged in cells and sometimes divided by lines, in order to present the data in a way that is easier to understand. 	[JLREQ]			[JIS-Z-8125]
table of contents	1	جَدْوَلْ المُحْتَوَيَاتْ، الفِهْرِسْ	jadwal al-muḥtawayāt, al-fihris	فهرست مطالب	fhrst mtālb	A list of headings of contents of a book in page order or arranged by subjects, with page numbers on which each section begins. 	[JLREQ]			[JIS-Z-8125]
tail margin	2	الهاَمِشْ الأَسْفَلْ	al-hamish al-’asfal				[SOLTANI]			
tatweel		تَطْوِيلْ	taṭwīl	کشیده	mtn					
tanwin	2	تَنْوِينْ	tanwīn			(Derived from Noon). Tashkil marks indicating postnasalized or long vowels at the end of a word, and indicated by doubling the sign of one of the harakat diacritics.				
tashkil	1	تَشْكِيلْ	tashkīl			Marks that are added to letters to  indicate  vocalisation  of  text or  to  correct pronunciation. In Unicode these are all combining characters applied to a base character.				
text	1	نَصْ	naṣṣ	متن			[CLREQ]			
text direction	1	اِتِّجَاهْ النَّصْ	ittijāh al-nnaṣ	جهت متن	jht mtn	Horizontal setting or vertical setting. 	[JLREQ]			[JIS-Z-8125]
thin space	2	فَرَاغْ رَقِيقْ	farāgh raqīq				[SOLTANI]			
third level heading	1	عُنْوَانْ المُسْتَوَى الثَّالِثْ	ʻunwān al-mustawá al-ththālith			Headings for smallest or minimum unit of main text in books.	[JLREQ]			[JLREQ]
top level heading	1	عُنْوَانْ المُسْتَوَى الأَعْلَى	ʻunwān al-mustawá al-’aʻlá			Headings for largest or muximum unit of main text in books.	[JLREQ]			[JLREQ]
tracking	2	ضَبْطْ تَبَاعُدْ الحُرُوفْ	ḍabṭ tabāʻud al-ḥurūf				[LUPTON]			
transliteration	2	التَّرْجَمَة الصَّوْتِيَّة	al-ttarjamah al-ṣṣawtīyah	حرف‌نویسی	hrfnuysi		[SOLTANI]		[SOLTANI]	
trim size	1	حَجْمْ التَّقْلِيمْ، حَجْمْ القَصْ	ḥajm al-ttaqlīm, ḥajm al-qaṣṣi			Dimensions of a full page in a publication, including margins. 	[JLREQ]			[JIS-Z-8125]
type page	2	جُزْءُ الصَّفْحَة  الخَاصْ بِالكِتَابَة	juz’u al-ṣṣafḥah al-khāṣ bilkitābah			The portion of a page within the prescribed margins where type, graphics, and other page elements can be added	[SOLTANI]			
type size	2	حَجْمْ الحَرْفْ بِالنُّقْطَة	ḥajm al-ḥarf bilnnuqṭahu				[SOLTANI]			
type styles	2	أنماط الكتابة				The measure of the height of the characters of a font, measured in points.	[SOLTANI]			
type-picking	2	نوع قطف		انتخاب فونت	āntxāb funt	To select metal type for characters needed to print a manuscript. (Metal type is stored in a type case, but because the number of Japanese characters is very large, an extra operation was invented that involves collecting type in a so-called 'bunsen box' before typesetting a manuscript using a composing stick.)	[JLREQ]			[JLREQ]
typeface	1	مِحْرَفْ	miḥraf	فونت، قلم	funt, qlm	A set of letters or symbols, which are designed to have coherent patterns to be used for printing or rendering to a computer screen. 	[JLREQ]			[JIS-Z-8125]
typesetting	2	تَنْضِيدْ، تَنْضِيدْ الحُرُوفْ الْمَطْبَعِيَّة	tanḍīd, tanḍīd al-ḥurūf al-maṭbaʻīyah	حروفچینی	hrufčini		[SOLTANI]			
typography	1	طِبَاعَة الحُرُوفْ، أُسْلُوبْ الطِّبَاعَة	ṭibāʻat al-ḥurūf,uslūb al-ṭṭibāʻah	تایپوگرافی	tāypuɡrāfi		[CLREQ]			
unbreakable characters rule	1	قَاعِدَة أَحْرُفْ غَيْرْ قَابِلَة لِلْكسْرْ	qāʻidat aḥruf ghayr qābilah lilksr			A line breaking rule that prohibits breaking a line between consecutive dashes or leaders, or between other specific combinations of characters.	[JLREQ]			[JLREQ]
underline	1	تَسْطِيرْ مِنْ تَحْتْ	tasṭīr min taḥt			A line drawn under a character or a run of text in horizontal writing mode. 	[JLREQ]			[JIS-Z-8125]
unicameral	2	أُحَادِى المَجْلِسْ	uḥādī al-majlis				Bringhurst			
Unicode	1	يُونِيكُودْ	yūnīkūd	یونی‌کُد	ivnikod		[CLREQ]			
vertical writing mode	1	وَضْعْ الكِتَابَة العَمُودِي	waḍʻ al-kitābah al-ʻamūdī	حالت نوشتار عمودی	hālt nuštār amudi	The process or the result of arranging characters on a line from top to bottom, of lines on a page from right to left, and/or of columns on a page from top to bottom. 	[JLREQ]			[JIS-Z-8125]
volume	1	حَجْمْ	ḥajm	جلد	jld		[SOLTANI]		[SOLTANI]	
weight	1	ثِقَلْ	thiqal			A measurement of the thickness of fonts. 	[JLREQ]			[JIS-Z-8125]
Western alphabet	1	الأَبَجَدِيَّة الغَرْبِيَّة	al-’abajadīyah al-gharbīyah				[CLREQ]			
western arabic numerals		الأَرْقَامْ العَرَبِيَّة الغَرْبِيَّة	al-’arqām al-ʻarabīyah al-gharbīyah	ارقام عربی		Refer to "European numerals". Use "European numerals" or "ASCII numerals" to avoid confusion.				
Western languages	1	اللُغَاتْ الغَرْبِيَّة	al-lughāt al-gharbīyah				[CLREQ]			
widow	1	أَرْمَلَة	armalah			The term in Western text layout to describe that the last line of a paragraph with only a few words appears at the top of a new page or a column. 	[JLREQ]			[JIS-Z-8125]
widow adjustment	1	تَعْدِيلْ أَرْمَلَة	taʻdīl armalah			A method of line composition to adjust lines in a paragraph so that the last line consists of more than a given number of characters.	[JLREQ]			[JLREQ]
word division	2	قِسْمْ كَلِمَة	qism kalimah				[SOLTANI]			
word space	2	فَرَاغْ بَيْنَ الكَلِمَاتْ	farāgh bayna al-kalimāt				[LUPTON]			
x-height	2	اِرْتِفَاعْ الحَرْفْ إِكْسْ	irtifāʻ al-ḥarf iks				[LUPTON]			